"id","user_id","uCode","Address","business_name","place_name","holding_number","road_name_number","postCode","super_sub_area","sub_area","area","city","district","sub_district","thana","unions","pType","subType","private_public_flag","complete_incomplete_flag","temporary_permanent_flag","longitude","latitude","bounds","location","popularity_ranking","created_at","updated_at"
170,17,MITL0192,"Mitul's Lookout, House 17, Road 5, Block G, Section 2",,mitul's lookout,"17",road 5,"1216",block g,section 2,Mirpur,Dhaka,Dhaka,,Mirpur ,,Residential,HOUSE,"1",,1,90.361,23.8054,"POLYGON ((90.36101546439887 23.805292740521974, 90.36119546439888 23.805292740521974, 90.36119546439888 23.805472740521974, 90.36101546439887 23.805472740521974, 90.36101546439887 23.805292740521974))",POINT (90.360999852419 23.805437342264),0,2017-01-26-23.13.02 +0600,2019-10-12-05.27.49 +0600
215,17,FQCJ0300,"Mayer Doa Dui Bhai Store, House 5, Hazi Road, Section 2",mayer doa dui bhai store,"","5",hazi road,"1216",,section 2,Mirpur,Dhaka,Dhaka,,,,Food,CAFE,"1",,1,90.3565,23.8077,"POLYGON ((90.35642452839375 23.807591515329115, 90.35660452839375 23.807591515329115, 90.35660452839375 23.807771515329115, 90.35642452839375 23.807771515329115, 90.35642452839375 23.807591515329115))",POINT (90.35651452839375 23.807681515329115),0,2017-02-19-18.42.19 +0600,2018-01-19-15.43.55 +0600
244,17,ARIN1769,"Dadarin's Place, House 4, Road 3, Block F, Section 2",,dadarin's place,"4",road 3,"1216",block f,section 2,Mirpur,Dhaka,Dhaka,,Mirpur ,,Residential,House,"1",,1,90.3573,23.8038,"POLYGON ((90.3573515236044 23.803826887993385, 90.35734979427963 23.803844446122365, 90.35734467276232 23.803861329502297, 90.3573363558695 23.803876889314356, 90.3573251632147 23.80389052760369, 90.35731152492536 23.80390172025849, 90.35729596511331 23.80391003715131, 90.35727908173338 23.80391515866862, 90.3572615236044 23.803916887993385, 90.3572439654754 23.80391515866862, 90.35722708209548 23.80391003715131, 90.35721152228342 23.80390172025849, 90.35719788399409 23.80389052760369, 90.35718669133928 23.803876889314356, 90.35717837444646 23.803861329502297, 90.35717325292916 23.803844446122365, 90.35717152360439 23.803826887993385, 90.35717325292916 23.803809329864404, 90.35717837444646 23.803792446484472, 90.35718669133928 23.803776886672413, 90.35719788399409 23.803763248383078, 90.35721152228342 23.80375205572828, 90.35722708209548 23.803743738835458, 90.3572439654754 23.80373861731815, 90.3572615236044 23.803736887993384, 90.35727908173338 23.80373861731815, 90.35729596511331 23.803743738835458, 90.35731152492536 23.80375205572828, 90.3573251632147 23.803763248383078, 90.3573363558695 23.803776886672413, 90.35734467276232 23.803792446484472, 90.35734979427963 23.803809329864404, 90.3573515236044 23.803826887993385))",POINT (90.357261523604 23.803826887993),0,2017-02-25-04.48.21 +0600,2020-03-26-17.28.55 +0600
329,,MRBH0513,"Iman's Garden, House 13, Road 5, Block C, Section 2",,iman's garden,"13",road 5,"1216",block c,section 2,Mirpur,Dhaka,Dhaka,,Mirpur ,,Residential,Apartment,"1",,1,90.3572,23.8074,"POLYGON ((90.35726904567719 23.80740053569676, 90.35726731635242 23.807418093825742, 90.35726219483512 23.807434977205673, 90.3572538779423 23.807450537017733, 90.35724268528749 23.807464175307068, 90.35722904699816 23.807475367961867, 90.3572134871861 23.807483684854688, 90.35719660380617 23.807488806371996, 90.35717904567719 23.80749053569676, 90.3571614875482 23.807488806371996, 90.35714460416827 23.807483684854688, 90.35712904435621 23.807475367961867, 90.35711540606688 23.807464175307068, 90.35710421341207 23.807450537017733, 90.35709589651925 23.807434977205673, 90.35709077500195 23.807418093825742, 90.35708904567718 23.80740053569676, 90.35709077500195 23.80738297756778, 90.35709589651925 23.80736609418785, 90.35710421341207 23.80735053437579, 90.35711540606688 23.807336896086454, 90.35712904435621 23.807325703431655, 90.35714460416827 23.807317386538834, 90.3571614875482 23.807312265021526, 90.35717904567719 23.80731053569676, 90.35719660380617 23.807312265021526, 90.3572134871861 23.807317386538834, 90.35722904699816 23.807325703431655, 90.35724268528749 23.807336896086454, 90.3572538779423 23.80735053437579, 90.35726219483512 23.80736609418785, 90.35726731635242 23.80738297756778, 90.35726904567719 23.80740053569676))",POINT (90.35717904567719 23.80740053569676),0,2017-03-16-05.19.03 +0600,2019-07-27-05.42.10 +0600
363,,Gree1234,"Green Mango, House 18, Avenue 6, Block G, Section 2",green mango,"","18",avenue 6,"1216",block g,section 2,Mirpur,Dhaka,Dhaka,,Mirpur ,,Food,RESTAURANT,"1",,1,90.3611,23.8052,"POLYGON ((90.36102820489168 23.80511789209405, 90.36120820489168 23.80511789209405, 90.36120820489168 23.80529789209405, 90.36102820489168 23.80529789209405, 90.36102820489168 23.80511789209405))",POINT (90.361118204892 23.805207892094),0,2017-03-27-04.11.25 +0600,2020-04-15-18.47.34 +0600
371,1,NLUV3975,"Motorcycle Service Point, Hero Service Point, Road 1, Block K",motorcycle service point,hero service point,,road 1,"1216",,block k,Mirpur,Dhaka,Dhaka,,Mirpur ,,Commercial,MOTOR WORKSHOP,"1","0",1,90.3656,23.8058,"POLYGON ((90.36549810621501 23.805666669966392, 90.36567810621501 23.805666669966392, 90.36567810621501 23.805846669966392, 90.36549810621501 23.805846669966392, 90.36549810621501 23.805666669966392))",POINT (90.36558810621501 23.805756669966392),0,2017-04-01-16.29.47 +0600,2017-04-07-02.51.47 +0600
377,,CXSM9400,"Joti Tower, House 9, Road 5, Block C, Sector 2",,joti tower,"9",road 5,"1216",block c,sector 2,Mirpur,Dhaka,Dhaka,,Mirpur ,,Residential,HOUSE,"1",,1,90.3578,23.806,"POLYGON ((90.35764560404779 23.80596237714859, 90.35782560404779 23.80596237714859, 90.35782560404779 23.80614237714859, 90.35764560404779 23.80614237714859, 90.35764560404779 23.80596237714859))",POINT (90.357844233513 23.805989493416),0,2017-04-04-06.42.28 +0600,2019-11-30-18.00.28 +0600
474,1,DZYB9342,"Mirpur 2 Panir Tank, Road 3, Block C, Section 2",mirpur 2 panir tank,road 3,,road 3,"1216",block c,section 2,Mirpur,Dhaka,Dhaka,,Mirpur ,,Utility,Water Pump,"1","0",1,90.3578,23.8057,"POLYGON ((90.35768918994427 23.805576485276827, 90.35786918994427 23.805576485276827, 90.35786918994427 23.805756485276827, 90.35768918994427 23.805756485276827, 90.35768918994427 23.805576485276827))",POINT (90.35777918994427 23.805666485276827),0,2017-04-21-15.44.49 +0600,2019-07-21-10.58.29 +0600
475,1,QUSL6605,"Dhaka Commerce College, Commerce College Road, Section 2",dhaka commerce college,"",,commerce college road,"1216",,section 2,Mirpur,Dhaka,Dhaka,,Shah Ali,,Education,COLLEGE,"1","0",1,90.3526,23.8066,"POLYGON ((90.35250414464235 23.80649642752159, 90.35268414464235 23.80649642752159, 90.35268414464235 23.80667642752159, 90.35250414464235 23.80667642752159, 90.35250414464235 23.80649642752159))",POINT (90.35259414464235 23.80658642752159),0,2017-04-21-16.01.13 +0600,2018-04-12-17.43.34 +0600
477,,NAVG7715,"Rifat's Place, Milk Vita Road",,rifat's place,,milk vita road,"1216",,,Mirpur,Dhaka,Dhaka,,Mirpur ,,Residential,HOUSE,"0","0",1,90.362,23.8136,"POLYGON ((90.36193814429997 23.813527834806745, 90.36211814429997 23.813527834806745, 90.36211814429997 23.813707834806745, 90.36193814429997 23.813707834806745, 90.36193814429997 23.813527834806745))",POINT (90.36202814429997 23.813617834806745),0,2017-04-21-16.21.53 +0600,2017-04-22-02.35.29 +0600
487,1,OVSD7318,"New Chadpur Printing And Press, 35 Bikrampur Plaza, Main Road 1",new chadpur printing and press,"35 bikrampur plaza",,,"1216",,main road 1,Mirpur,Dhaka,Dhaka,,Mirpur ,,Shop,PRINTING,"1","0",1,90.3679,23.8066,"POLYGON ((90.36785409155844 23.8064976545159, 90.36803409155844 23.8064976545159, 90.36803409155844 23.8066776545159, 90.36785409155844 23.8066776545159, 90.36785409155844 23.8064976545159))",POINT (90.36794409155844 23.8065876545159),0,2017-04-25-01.27.35 +0600,2017-04-25-01.27.35 +0600
534,,BTIA0104,"BTI Amber, House 4, Road 1, Block C, Section 2",,bti amber,"4",road 1,"1216",block c,section 2,Mirpur,Dhaka,Dhaka,,Mirpur ,,Residential,HOUSE,"1",,1,90.3567,23.807,"POLYGON ((90.35649221303947 23.806905829051036, 90.35667221303947 23.806905829051036, 90.35667221303947 23.807085829051037, 90.35649221303947 23.807085829051037, 90.35649221303947 23.806905829051036))",POINT (90.35665065050125 23.806951457816815),0,2017-04-26-00.57.43 +0600,2019-03-23-15.26.21 +0600
637,81,CFST1216,"Cafe Street, House 12, Lane 5, Mirpur 6",,"","12","cafe street, lane 5","1216",,mirpur 6,Mirpur,Dhaka,Dhaka,,Mirpur ,,Food,CAFE,"1",,1,90.3646,23.8098,"POLYGON ((90.3644845664835 23.80966479493569, 90.3646645664835 23.80966479493569, 90.3646645664835 23.80984479493569, 90.3644845664835 23.80984479493569, 90.3644845664835 23.80966479493569))",POINT (90.3645745664835 23.80975479493569),0,2017-05-09-00.58.49 +0600,2019-07-01-10.42.50 +0600
657,1,HKWR6784,"SA Paribahan, House 37/2, Road 2 (Boundary Road), Mirpur 10",sa paribahan,"","37/2",road 2 (boundary road),"1216",,mirpur 10,Mirpur,Dhaka,Dhaka,,Mirpur ,,Shop,Courier Service,"1",,1,90.3684,23.8058,"POLYGON ((90.36830570850134 23.805745198080434, 90.36848570850134 23.805745198080434, 90.36848570850134 23.805925198080434, 90.36830570850134 23.805925198080434, 90.36830570850134 23.805745198080434))",POINT (90.36839570850134 23.805835198080434),0,2017-05-10-21.27.18 +0600,2019-04-16-07.10.55 +0600
707,,ICLU3417,"Bangladesh University of Business and Technology (BUBT), House House 77-78, Road 9, rupnagar",bangladesh university of business and technology (bubt),"","77-78",road 9,"1216",,rupnagar,Mirpur,Dhaka,Dhaka,,Rupnagar ,,Education,UNIVERSITY,"1",,1,90.3569,23.8118,"POLYGON ((90.35670563578606 23.812051958668683, 90.35695239901543 23.81113420230876, 90.35728499293327 23.81123235837898, 90.35720452666283 23.811477748229912, 90.35760149359703 23.811634797491102, 90.3577034175396 23.811674059776717, 90.35751029849052 23.812302254731872, 90.35670563578606 23.812051958668683))",POINT (90.356867909431 23.81177957711),0,2017-05-21-22.46.52 +0600,2020-01-23-16.20.45 +0600
785,,QRRP4850,"Bangladesh Institute of Bank Management, Mirpur Road",bangladesh institute of bank management,"",,mirpur road,"1216",,,Mirpur,Dhaka,Dhaka,,Mirpur ,,Education,TRAINING INSTITUTE,"1","0",1,90.3588,23.8016,"POLYGON ((90.35886227783203 23.801601667465192, 90.35886054850727 23.801619225594173, 90.35885542698996 23.801636108974105, 90.35884711009714 23.801651668786164, 90.35883591744233 23.8016653070755, 90.358822279153 23.8016764997303, 90.35880671934095 23.80168481662312, 90.35878983596102 23.801689938140427, 90.35877227783203 23.801691667465192, 90.35875471970304 23.801689938140427, 90.35873783632312 23.80168481662312, 90.35872227651106 23.8016764997303, 90.35870863822173 23.8016653070755, 90.35869744556692 23.801651668786164, 90.3586891286741 23.801636108974105, 90.3586840071568 23.801619225594173, 90.35868227783203 23.801601667465192, 90.3586840071568 23.80158410933621, 90.3586891286741 23.80156722595628, 90.35869744556692 23.80155166614422, 90.35870863822173 23.801538027854885, 90.35872227651106 23.801526835200086, 90.35873783632312 23.801518518307265, 90.35875471970304 23.801513396789957, 90.35877227783203 23.801511667465192, 90.35878983596102 23.801513396789957, 90.35880671934095 23.801518518307265, 90.358822279153 23.801526835200086, 90.35883591744233 23.801538027854885, 90.35884711009714 23.80155166614422, 90.35885542698996 23.80156722595628, 90.35886054850727 23.80158410933621, 90.35886227783203 23.801601667465192))",POINT (90.35877227783203 23.801601667465192),0,2017-05-23-22.56.45 +0600,2019-06-15-06.43.28 +0600
812,,OSDN3744,"National Swimming Complex, Mirpur Road, Block A, Section 6",national swimming complex,"",,mirpur road,"1216",block a,section 6,Mirpur,Dhaka,Dhaka,,Mirpur ,,Recreation,SWIMMING COMPLEX,"1","0",1,90.3656,23.8067,"POLYGON ((90.36555946174622 23.80656207170077, 90.36573946174622 23.80656207170077, 90.36573946174622 23.80674207170077, 90.36555946174622 23.80674207170077, 90.36555946174622 23.80656207170077))",POINT (90.36564946174622 23.80665207170077),0,2017-05-26-03.30.14 +0600,2017-05-26-03.30.14 +0600
815,,QUMR1687,"House 39, Lane 3, Block A, Section 6",,"","39",lane 3,"1216",block a,section 6,Mirpur,Dhaka,Dhaka,,Mirpur ,,Residential,HOUSE,"1",,1,90.366,23.8091,"POLYGON ((90.36608144339561 23.80908763134205, 90.36607971407085 23.80910518947103, 90.36607459255355 23.80912207285096, 90.36606627566073 23.80913763266302, 90.36605508300592 23.809151270952356, 90.36604144471659 23.809162463607155, 90.36602588490453 23.809170780499976, 90.3660090015246 23.809175902017284, 90.36599144339561 23.80917763134205, 90.36597388526663 23.809175902017284, 90.3659570018867 23.809170780499976, 90.36594144207464 23.809162463607155, 90.36592780378531 23.809151270952356, 90.3659166111305 23.80913763266302, 90.36590829423768 23.80912207285096, 90.36590317272038 23.80910518947103, 90.36590144339561 23.80908763134205, 90.36590317272038 23.809070073213068, 90.36590829423768 23.809053189833136, 90.3659166111305 23.809037630021077, 90.36592780378531 23.809023991731742, 90.36594144207464 23.809012799076942, 90.3659570018867 23.809004482184122, 90.36597388526663 23.808999360666814, 90.36599144339561 23.80899763134205, 90.3660090015246 23.808999360666814, 90.36602588490453 23.809004482184122, 90.36604144471659 23.809012799076942, 90.36605508300592 23.809023991731742, 90.36606627566073 23.809037630021077, 90.36607459255355 23.809053189833136, 90.36607971407085 23.809070073213068, 90.36608144339561 23.80908763134205))",POINT (90.36599144339561 23.80908763134205),0,2017-05-26-16.55.08 +0600,2019-07-02-12.32.30 +0600
818,,PAGX6232,"Chetona Model Academy, House 1/B, Road 1, Block B, Section 2",chetona model academy,"","1/b",road 1,"1216",block b,section 2,Mirpur,Dhaka,Dhaka,,Mirpur ,,Education,School,"1",,1,90.3556,23.8068,"POLYGON ((90.35551975038663 23.806693844799188, 90.35569975038663 23.806693844799188, 90.35569975038663 23.80687384479919, 90.35551975038663 23.80687384479919, 90.35551975038663 23.806693844799188))",POINT (90.355609750387 23.806783844799),0,2017-05-26-17.20.14 +0600,2020-04-01-13.30.50 +0600
826,,CQTU5911,"Mirpur Thana (Mirpur Police Station), Section 2",mirpur thana (mirpur police station),"",,,"1216",,section 2,Mirpur,Dhaka,Dhaka,,Mirpur ,,Government,POLICE STATION,"1","0",1,90.363,23.8045,"POLYGON ((90.36293508915128 23.80439724045435, 90.36311508915128 23.80439724045435, 90.36311508915128 23.80457724045435, 90.36293508915128 23.80457724045435, 90.36293508915128 23.80439724045435))",POINT (90.36302508915128 23.80448724045435),0,2017-05-27-17.33.50 +0600,2019-07-04-08.28.12 +0600
828,,QKGU6515,"BTCL Mirpur (Telephone Bhaban), Milk Vita Road",btcl mirpur (telephone bhaban),"",,milk vita road,"1216",,,Mirpur,Dhaka,Dhaka,,Mirpur ,,Office,OFFICE,"1","0",1,90.3632,23.8056,"POLYGON ((90.36314765421571 23.805477008414336, 90.36332765421571 23.805477008414336, 90.36332765421571 23.805657008414336, 90.36314765421571 23.805657008414336, 90.36314765421571 23.805477008414336))",POINT (90.36323765421571 23.805567008414336),0,2017-05-27-17.38.55 +0600,2017-05-27-17.38.55 +0600
831,,FQTW7945,"Grameen Bank, Mirpur Road",grameen bank,"",,mirpur road,"1216",,,Mirpur,Dhaka,Dhaka,,Mirpur ,,Bank,Bank Branch,"1","0",1,90.3611,23.8027,"POLYGON ((90.36120652851106 23.802740323018828, 90.3612047991863 23.80275788114781, 90.36119967766899 23.80277476452774, 90.36119136077617 23.8027903243398, 90.36118016812136 23.802803962629135, 90.36116652983203 23.802815155283934, 90.36115097001998 23.802823472176755, 90.36113408664005 23.802828593694063, 90.36111652851106 23.802830323018828, 90.36109897038207 23.802828593694063, 90.36108208700215 23.802823472176755, 90.36106652719009 23.802815155283934, 90.36105288890076 23.802803962629135, 90.36104169624595 23.8027903243398, 90.36103337935313 23.80277476452774, 90.36102825783583 23.80275788114781, 90.36102652851106 23.802740323018828, 90.36102825783583 23.802722764889847, 90.36103337935313 23.802705881509915, 90.36104169624595 23.802690321697856, 90.36105288890076 23.80267668340852, 90.36106652719009 23.80266549075372, 90.36108208700215 23.8026571738609, 90.36109897038207 23.802652052343593, 90.36111652851106 23.802650323018828, 90.36113408664005 23.802652052343593, 90.36115097001998 23.8026571738609, 90.36116652983203 23.80266549075372, 90.36118016812136 23.80267668340852, 90.36119136077617 23.802690321697856, 90.36119967766899 23.802705881509915, 90.3612047991863 23.802722764889847, 90.36120652851106 23.802740323018828))",POINT (90.36111652851106 23.802740323018828),0,2017-05-27-17.48.30 +0600,2020-04-27-17.32.32 +0600
833,,KRGS9310,"Muktijoddha Market, 1 Main Road",muktijoddha market,"",,"1 main road","1216",,,Mirpur,Dhaka,Dhaka,,Shah Ali,,Commercial,SHOPPING CENTER,"1","0",1,90.3517,23.7981,"POLYGON ((90.35158132929541 23.798026983176296, 90.35176132929541 23.798026983176296, 90.35176132929541 23.798206983176296, 90.35158132929541 23.798206983176296, 90.35158132929541 23.798026983176296))",POINT (90.35167132929541 23.798116983176296),0,2017-05-27-18.04.38 +0600,2017-05-27-18.04.38 +0600
834,,ZHFQ6052,"BFC Mirpur, Green Avenue Park, Begum Rokeya Avenue (Origianl 10)",bfc mirpur,green avenue park,,,"1216",,begum rokeya avenue (origianl 10),Mirpur,Dhaka,Dhaka,,Mirpur ,,Food,FAST FOOD,"1","0",1,90.3679,23.8088,"POLYGON ((90.3678247870896 23.808726630570025, 90.3680047870896 23.808726630570025, 90.3680047870896 23.808906630570025, 90.3678247870896 23.808906630570025, 90.3678247870896 23.808726630570025))",POINT (90.3679147870896 23.808816630570025),0,2017-05-27-18.12.25 +0600,2019-07-21-11.51.23 +0600
851,1,RKCE0923,"Nur Hardware & Electric Shop, Avenue 1, Block B, Section 2",nur hardware & electric shop,"",,avenue 1,"1216",block b,section 2,Mirpur,Dhaka,Dhaka,,Mirpur ,,Shop,Electronics,"1","0",1,90.3564,23.8044,"POLYGON ((90.3562853888011 23.804338740097528, 90.3564653888011 23.804338740097528, 90.3564653888011 23.804518740097528, 90.3562853888011 23.804518740097528, 90.3562853888011 23.804338740097528))",POINT (90.3563753888011 23.804428740097528),0,2017-05-27-23.59.38 +0600,2019-07-21-12.02.54 +0600
873,17,MOHR0000,"Modern Hair Gent's Saloon, House 2, Road 3, Block KA, Section 6",modern hair gent's saloon,"","2",road 3,"1216",block ka,section 6,Mirpur,Dhaka,Dhaka,,Mirpur ,,Shop,SALOON,"1",,1,90.3653,23.8048,"POLYGON ((90.36518294665576 23.804703162951753, 90.36536294665576 23.804703162951753, 90.36536294665576 23.804883162951754, 90.36518294665576 23.804883162951754, 90.36518294665576 23.804703162951753))",POINT (90.36527294665576 23.804793162951754),0,2017-06-04-02.38.12 +0600,2017-06-04-02.38.12 +0600
963,,VTNC8025,"Chalantika Mor, Milk Vita Road",chalantika mor,"",,milk vita road,"1216",,,Mirpur,Dhaka,Dhaka,,,,Landmark,ROAD,"1","0",1,90.3627,23.8149,"POLYGON ((90.36256722922667 23.814839123175293, 90.36274722922667 23.814839123175293, 90.36274722922667 23.815019123175293, 90.36256722922667 23.815019123175293, 90.36256722922667 23.814839123175293))",POINT (90.36265722922667 23.814929123175293),0,2017-06-09-10.28.38 +0600,2017-06-09-10.28.38 +0600
964,,MFLX2689,"Bazar, Avenue 5",bazar,"",,avenue 5,"1216",,,Mirpur,Dhaka,Dhaka,,Mirpur ,,Shop,GROCERY,"1","0",1,90.3636,23.8103,"POLYGON ((90.36354355330809 23.81024547035827, 90.36372355330809 23.81024547035827, 90.36372355330809 23.810425470358272, 90.36354355330809 23.810425470358272, 90.36354355330809 23.81024547035827))",POINT (90.36363355330809 23.81033547035827),0,2017-06-09-10.29.56 +0600,2017-06-09-10.29.56 +0600
973,,QGVT1035,"Champa Parul High School, Love Road",champa parul high school,"",,love road,"1216",,,Mirpur,Dhaka,Dhaka,,Mirpur ,,Education,SCHOOL,"1","0",1,90.3586,23.8037,"POLYGON ((90.3584774007029 23.803603660779235, 90.3586574007029 23.803603660779235, 90.3586574007029 23.803783660779235, 90.3584774007029 23.803783660779235, 90.3584774007029 23.803603660779235))",POINT (90.358567400703 23.803693660779),0,2017-06-10-09.22.34 +0600,2019-10-09-10.44.42 +0600
975,,LFQQ9651,Sher-e-Bangla National Cricket Stadium (Mirpur Stadium),sher-e-bangla national cricket stadium (mirpur stadium),"",,,"1216",,,Mirpur,Dhaka,Dhaka,,Mirpur ,,Recreation,STADIUM,"1","0",1,90.3639,23.8064,"POLYGON ((90.3650164604187 23.806117101348665, 90.36340713500977 23.805194395012638, 90.36161541938782 23.807834888234375, 90.36147594451904 23.80839439105704, 90.36279559135437 23.808659417868473, 90.36302089691162 23.80795267850264, 90.36365389823914 23.80806065282136, 90.36413669586182 23.807805440650615, 90.36464095115662 23.807029985208406, 90.36491990089417 23.80640176474613, 90.3650164604187 23.806117101348665))",POINT (90.36392211914062 23.8063919487773),0,2017-06-11-00.10.36 +0600,2019-03-25-11.18.20 +0600
1267,,CGHR8565,"Shah Ali Mazar, Mazar Road",shah ali mazar,"",,mazar road,"1216",,,Mirpur,Dhaka,Dhaka,,,,Religious Place,MAZAR,"1","0",1,90.3491,23.7964,"POLYGON ((90.34902464043375 23.796350089074465, 90.34920464043375 23.796350089074465, 90.34920464043375 23.796530089074466, 90.34902464043375 23.796530089074466, 90.34902464043375 23.796350089074465))",POINT (90.34911464043375 23.796440089074466),0,2017-06-19-09.50.49 +0600,2017-06-19-09.50.49 +0600
1485,1,WXCD3655,"Mini Vegetable Bazar, Road 1, Block G, Section 2",mini vegetable bazar,"",,road 1,"1216",block g,section 2,Mirpur,Dhaka,Dhaka,,Mirpur ,,Shop,VEGETABLE SHOP,"1","0",1,90.3587,23.8082,"POLYGON ((90.35857063088179 23.808106234083045, 90.35875063088179 23.808106234083045, 90.35875063088179 23.808286234083045, 90.35857063088179 23.808286234083045, 90.35857063088179 23.808106234083045))",POINT (90.35866063088179 23.808196234083045),0,2017-06-29-22.44.41 +0600,2019-07-21-12.25.45 +0600
1527,,WFEU4042,"National Heart Foundation Hospital & Research Institute, House 7/2, Mirpur Road, Section 2",national heart foundation hospital & research institute,"","7/2",mirpur road,"1216",,section 2,Mirpur,Dhaka,Dhaka,,Mirpur ,,Healthcare,HOSPITAL,"1",,1,90.3619,23.8038,"POLYGON ((90.36196930265442 23.80376275699027, 90.36196757332965 23.80378031511925, 90.36196245181235 23.803797198499183, 90.36195413491953 23.803812758311242, 90.36194294226472 23.803826396600577, 90.36192930397539 23.803837589255377, 90.36191374416333 23.803845906148197, 90.3618968607834 23.803851027665505, 90.36187930265442 23.80385275699027, 90.36186174452543 23.803851027665505, 90.3618448611455 23.803845906148197, 90.36182930133344 23.803837589255377, 90.36181566304411 23.803826396600577, 90.3618044703893 23.803812758311242, 90.36179615349648 23.803797198499183, 90.36179103197918 23.80378031511925, 90.36178930265442 23.80376275699027, 90.36179103197918 23.80374519886129, 90.36179615349648 23.803728315481358, 90.3618044703893 23.8037127556693, 90.36181566304411 23.803699117379963, 90.36182930133344 23.803687924725164, 90.3618448611455 23.803679607832343, 90.36186174452543 23.803674486315035, 90.36187930265442 23.80367275699027, 90.3618968607834 23.803674486315035, 90.36191374416333 23.803679607832343, 90.36192930397539 23.803687924725164, 90.36194294226472 23.803699117379963, 90.36195413491953 23.8037127556693, 90.36196245181235 23.803728315481358, 90.36196757332965 23.80374519886129, 90.36196930265442 23.80376275699027))",POINT (90.36187930265442 23.80376275699027),0,2017-07-03-04.41.07 +0600,2019-07-04-04.31.54 +0600
1558,445,HNZY1841,"House 1/5, Road 8, Block G/1, Section 2",,"","1/5",road 8,"1216",block g/1,section 2,Mirpur,Dhaka,Dhaka,,Mirpur ,,Residential,HOUSE,"1",,1,90.3589,23.8072,"POLYGON ((90.35880565944672 23.80712648757312, 90.35898565944672 23.80712648757312, 90.35898565944672 23.807306487573122, 90.35880565944672 23.807306487573122, 90.35880565944672 23.80712648757312))",POINT (90.358895659447 23.807216487573),0,2017-07-06-18.56.44 +0600,2019-12-29-12.13.16 +0600
1581,1,KQXM4843,"Peri Pasta, Avenue 1, Block A, Section 2",peri pasta,"",,avenue 1,"1216",block a,section 2,Mirpur,Dhaka,Dhaka,,Mirpur ,,Food,FAST FOOD,"1","0",1,90.3549,23.8033,"POLYGON ((90.35475820604324 23.80324883971852, 90.35493820604324 23.80324883971852, 90.35493820604324 23.80342883971852, 90.35475820604324 23.80342883971852, 90.35475820604324 23.80324883971852))",POINT (90.35484820604324 23.80333883971852),0,2017-07-07-08.47.32 +0600,2018-04-12-17.43.34 +0600
1626,1,WEKC1221,"FORTUNA Mirpur, Shop no - 123/1-2(Ground floor) Muktobangla shopping complex, Section- 1",fortuna mirpur,section- 1,,,"1216",,,Mirpur,Dhaka,Dhaka,,,,Shop,SHOP,"1","0",1,90.3539,23.7992,"POLYGON ((90.35376705715566 23.79907581163627, 90.35394705715566 23.79907581163627, 90.35394705715566 23.79925581163627, 90.35376705715566 23.79925581163627, 90.35376705715566 23.79907581163627))",POINT (90.35385705715566 23.79916581163627),0,2017-07-10-01.09.20 +0600,2018-10-27-16.28.57 +0600
1670,459,VWYD8648,"Popular Diagnostic Center, House 67, Avenue 5, Block C, Section 6",popular diagnostic center,"","67",avenue 5,"1216",block c,section 6,Mirpur,Dhaka,Dhaka,,Mirpur ,,Healthcare,DIAGNOSTIC CENTER,"1",,1,90.3673,23.8106,"POLYGON ((90.36726 23.81055, 90.36744 23.81055, 90.36744 23.81073, 90.36726 23.81073, 90.36726 23.81055))",POINT (90.36735 23.81064),0,,2020-01-03-17.00.52 +0600
1693,459,BKTS8365,"Delta Health Care Mirpur, Begum Rokeya Sarani, Section 7",delta health care mirpur,"",,begum rokeya sarani,"1216",,section 7,Mirpur,Dhaka,Dhaka,,Pallabi,,Healthcare,HOSPITAL,"1","0",1,90.3657,23.8163,"POLYGON ((90.36557 23.81619, 90.36575 23.81619, 90.36575 23.81637, 90.36557 23.81637, 90.36557 23.81619))",POINT (90.36566 23.81628),0,,2020-01-03-17.02.00 +0600
1711,459,NPOF5206,"Medinova Mirpur, House 29-30, Main Road, Block KHA, Section 6",medinova mirpur,"","29-30",main road,"1216",block kha,section 6,Mirpur,Dhaka,Dhaka,,Mirpur ,,Healthcare,"Hospital, Diagnostic Center","1",,1,90.3674,23.8065,"POLYGON ((90.3673 23.80643, 90.36748 23.80643, 90.36748 23.80661, 90.3673 23.80661, 90.3673 23.80643))",POINT (90.36739 23.80652),0,,2020-01-03-17.00.11 +0600
3034,459,CHZB4797,"Bangladesh Municipal Development Fund (BMDF), Grameen Bank Bhaban (Level 13), Mirpur Road, Section 2",bangladesh municipal development fund (bmdf),"",,mirpur road,,,section 2,Mirpur,Dhaka,Dhaka,,Mirpur ,,Office,OFFICE,"1","0",1,90.3611,23.8028,"POLYGON ((90.3609914 23.8027482, 90.3611714 23.8027482, 90.3611714 23.8029282, 90.3609914 23.8029282, 90.3609914 23.8027482))",POINT (90.36106748997504 23.802842425574465),0,,
3127,1,DARK6502,"Photo Factor, House 18, Avenue 3, Block B, Section 2",photo factor,"","18",avenue 3,"1216",block b,section 2,Mirpur,Dhaka,Dhaka,,Mirpur ,,Shop,PRINTING,"1",,1,90.3574,23.8052,"POLYGON ((90.357323738966 23.805085376395542, 90.357503738966 23.805085376395542, 90.357503738966 23.805265376395543, 90.357323738966 23.805265376395543, 90.357323738966 23.805085376395542))",POINT (90.357413738966 23.805175376395542),0,2017-08-08-00.21.07 +0600,2018-04-12-17.43.34 +0600
3142,1,TYRE1216,"Akhi Tyre & Battery, House 12, Hazi Road, Block G, Section 2",akhi tyre & battery,"","12",hazi road,"1216",block g,section 2,Mirpur,Dhaka,Dhaka,,Mirpur ,,Shop,"TYRE SHOP, BATTERY","1",,1,90.3577,23.808,"POLYGON ((90.35784303840637 23.808048383016935, 90.3578413090816 23.808065941145916, 90.3578361875643 23.808082824525847, 90.35782787067149 23.808098384337907, 90.35781667801668 23.808112022627242, 90.35780303972734 23.80812321528204, 90.35778747991529 23.808131532174862, 90.35777059653536 23.80813665369217, 90.35775303840637 23.808138383016935, 90.35773548027738 23.80813665369217, 90.35771859689746 23.808131532174862, 90.3577030370854 23.80812321528204, 90.35768939879607 23.808112022627242, 90.35767820614126 23.808098384337907, 90.35766988924844 23.808082824525847, 90.35766476773114 23.808065941145916, 90.35766303840637 23.808048383016935, 90.35766476773114 23.808030824887954, 90.35766988924844 23.808013941508023, 90.35767820614126 23.807998381695963, 90.35768939879607 23.807984743406628, 90.3577030370854 23.80797355075183, 90.35771859689746 23.807965233859008, 90.35773548027738 23.8079601123417, 90.35775303840637 23.807958383016935, 90.35777059653536 23.8079601123417, 90.35778747991529 23.807965233859008, 90.35780303972734 23.80797355075183, 90.35781667801668 23.807984743406628, 90.35782787067149 23.807998381695963, 90.3578361875643 23.808013941508023, 90.3578413090816 23.808030824887954, 90.35784303840637 23.808048383016935))",POINT (90.35775303840637 23.808048383016935),0,2017-08-17-03.30.16 +0600,2020-01-03-16.31.32 +0600
3143,1,MOTO1216,"Mayer Doa Bike House, 21/8 Commerce College Road, Section 2",mayer doa bike house,"",,"21/8 commerce college road","1216",,section 2,Mirpur,Dhaka,Dhaka,,,,Commercial,Motorcycle Workshop,"1","0",1,90.3601,23.809,"POLYGON ((90.36002002957821 23.808933828850996, 90.36020002957821 23.808933828850996, 90.36020002957821 23.809113828850997, 90.36002002957821 23.809113828850997, 90.36002002957821 23.808933828850996))",POINT (90.360110029578 23.809023828851),0,2017-08-17-07.04.37 +0600,2020-01-03-16.25.35 +0600
3164,551,AIMS1719,"Doi Fuchka, House 1, Road 5, Block G, Section 2",doi fuchka,"","1",road 5,"1216",block g,section 2,Mirpur,Dhaka,Dhaka,,Mirpur ,,Food,"Restaurant, Cafe","1",,1,90.3606,23.8049,"POLYGON ((90.36050785634278 23.804785372679877, 90.36068785634278 23.804785372679877, 90.36068785634278 23.804965372679877, 90.36050785634278 23.804965372679877, 90.36050785634278 23.804785372679877))",POINT (90.360597856343 23.80487537268),0,2017-09-16-22.11.49 +0600,2019-08-23-05.11.06 +0600
3165,551,EAST7297,"Agri Kitchen, Love Road, Section 2",agri kitchen,"",,love road,"1216",,section 2,Mirpur,Dhaka,Dhaka,,Mirpur ,,Food,CAFE,"1","0",1,90.358,23.8032,"POLYGON ((90.35794467035292 23.803066626378943, 90.35812467035292 23.803066626378943, 90.35812467035292 23.803246626378943, 90.35794467035292 23.803246626378943, 90.35794467035292 23.803066626378943))",POINT (90.35803467035292 23.803156626378943),0,2017-09-16-22.14.21 +0600,2018-04-12-17.43.34 +0600
3166,551,ABLE1488,"Madhobi General Store, House 2, Road 5, Block G, Section 2",madhobi general store,"","2",road 5,"1216",block g,section 2,Mirpur,Dhaka,Dhaka,,Mirpur ,,Shop,GENERAL STORE,"1",,1,90.3604,23.8052,"POLYGON ((90.36027685109138 23.805098873478926, 90.36045685109139 23.805098873478926, 90.36045685109139 23.805278873478926, 90.36027685109138 23.805278873478926, 90.36027685109138 23.805098873478926))",POINT (90.36036685109138 23.805188873478926),0,2017-09-16-22.19.25 +0600,2019-07-11-07.05.24 +0600
3187,,LMFE2944,"House 2/1, Road 1, Block C, Section 2",,"","2/1",road 1,"1216",block c,section 2,Mirpur,Dhaka,Dhaka,,Mirpur ,,Residential,HOUSE,"1",,1,90.3563,23.8067,"POLYGON ((90.35636648234367 23.806680292552645, 90.35636475301891 23.806697850681626, 90.3563596315016 23.806714734061558, 90.35635131460879 23.806730293873617, 90.35634012195398 23.806743932162952, 90.35632648366465 23.80675512481775, 90.35631092385259 23.806763441710572, 90.35629404047266 23.80676856322788, 90.35627648234367 23.806770292552645, 90.35625892421469 23.80676856322788, 90.35624204083476 23.806763441710572, 90.3562264810227 23.80675512481775, 90.35621284273337 23.806743932162952, 90.35620165007856 23.806730293873617, 90.35619333318574 23.806714734061558, 90.35618821166844 23.806697850681626, 90.35618648234367 23.806680292552645, 90.35618821166844 23.806662734423664, 90.35619333318574 23.806645851043733, 90.35620165007856 23.806630291231674, 90.35621284273337 23.80661665294234, 90.3562264810227 23.80660546028754, 90.35624204083476 23.80659714339472, 90.35625892421469 23.80659202187741, 90.35627648234367 23.806590292552645, 90.35629404047266 23.80659202187741, 90.35631092385259 23.80659714339472, 90.35632648366465 23.80660546028754, 90.35634012195398 23.80661665294234, 90.35635131460879 23.806630291231674, 90.3563596315016 23.806645851043733, 90.35636475301891 23.806662734423664, 90.35636648234367 23.806680292552645))",POINT (90.35627648234367 23.806680292552645),0,2017-10-08-01.34.41 +0600,2019-06-06-11.27.42 +0600
3190,,NDVX1443,"House 1/Kha, Road 1, Block C, Section 2",,"","1/kha",road 1,"1216",block c,section 2,Mirpur,Dhaka,Dhaka,,Mirpur ,,Residential,HOUSE,"1",,1,90.3561,23.8066,"POLYGON ((90.35615166109449 23.806563542489265, 90.35614993176972 23.806581100618246, 90.35614481025242 23.806597983998177, 90.3561364933596 23.806613543810236, 90.35612530070479 23.80662718209957, 90.35611166241546 23.80663837475437, 90.3560961026034 23.80664669164719, 90.35607921922347 23.8066518131645, 90.35606166109449 23.806653542489265, 90.3560441029655 23.8066518131645, 90.35602721958557 23.80664669164719, 90.35601165977351 23.80663837475437, 90.35599802148418 23.80662718209957, 90.35598682882937 23.806613543810236, 90.35597851193656 23.806597983998177, 90.35597339041925 23.806581100618246, 90.35597166109449 23.806563542489265, 90.35597339041925 23.806545984360284, 90.35597851193656 23.806529100980352, 90.35598682882937 23.806513541168293, 90.35599802148418 23.806499902878958, 90.35601165977351 23.80648871022416, 90.35602721958557 23.806480393331338, 90.3560441029655 23.80647527181403, 90.35606166109449 23.806473542489265, 90.35607921922347 23.80647527181403, 90.3560961026034 23.806480393331338, 90.35611166241546 23.80648871022416, 90.35612530070479 23.806499902878958, 90.3561364933596 23.806513541168293, 90.35614481025242 23.806529100980352, 90.35614993176972 23.806545984360284, 90.35615166109449 23.806563542489265))",POINT (90.35606166109449 23.806563542489265),0,2017-10-09-00.32.17 +0600,2020-05-06-21.34.24 +0600
3193,,FUHV5640,"Heritage Garden, House 8, Road 1, Block C, Section 2",,heritage garden,"8",road 1,"1216",block c,section 2,Mirpur,Dhaka,Dhaka,,Mirpur ,,Residential,HOUSE,"1",,1,90.3566,23.8071,"POLYGON ((90.35646677318573 23.8070136045949, 90.35664677318573 23.8070136045949, 90.35664677318573 23.8071936045949, 90.35646677318573 23.8071936045949, 90.35646677318573 23.8070136045949))",POINT (90.35656750202178 23.807120782445732),0,2017-10-09-07.32.39 +0600,2019-03-23-15.19.02 +0600
3194,,AWKQ5680,"House 9, Road 1, Block C, Section 2",,"","9",road 1,"1216",block c,section 2,Mirpur,Dhaka,Dhaka,,Mirpur ,,Residential,HOUSE,"1",,1,90.3567,23.8072,"POLYGON ((90.35659015480041 23.807116671665863, 90.35677015480042 23.807116671665863, 90.35677015480042 23.807296671665863, 90.35659015480041 23.807296671665863, 90.35659015480041 23.807116671665863))",POINT (90.35668551921844 23.807231211432615),0,2017-10-09-07.32.59 +0600,2019-03-23-15.18.53 +0600
3195,,GNQI5473,"Shantikunja, House 7, Road 1, Block C, Section 2",,shantikunja,"7",road 1,"1216",block c,section 2,Mirpur,Dhaka,Dhaka,,Mirpur ,,Residential,HOUSE,"1",,1,90.3564,23.807,"POLYGON ((90.35633266273499 23.806939985208405, 90.35651266273499 23.806939985208405, 90.35651266273499 23.807119985208406, 90.35633266273499 23.807119985208406, 90.35633266273499 23.806939985208405))",POINT (90.3564468026161 23.80703734714894),0,2017-10-09-07.33.26 +0600,2019-03-23-15.19.05 +0600
3197,,WNGH5926,"Azad Palace, House 6, Road 1, Block C, Section 2",,azad palace,"6",road 1,"1216",block c,section 2,Mirpur,Dhaka,Dhaka,,Mirpur ,,Residential,HOUSE,"1",,1,90.357,23.8072,"POLYGON ((90.35699785057068 23.807092131894482, 90.35717785057068 23.807092131894482, 90.35717785057068 23.807272131894482, 90.35699785057068 23.807272131894482, 90.35699785057068 23.807092131894482))",POINT (90.35702615976334 23.807221395526476),0,2017-10-10-07.27.19 +0600,2019-03-23-15.26.47 +0600
3198,,WMWJ0728,"Al-Arafah Rose, House 1/B, Road 1, Block B, Section 2",,al-arafah rose,"1/b",road 1,"1216",block b,section 2,Mirpur,Dhaka,Dhaka,,Mirpur ,,Residential,Apartment,"1",,1,90.3558,23.8065,"POLYGON ((90.35571575466156 23.806375568525485, 90.35589575466156 23.806375568525485, 90.35589575466156 23.806555568525486, 90.35571575466156 23.806555568525486, 90.35571575466156 23.806375568525485))",POINT (90.35580575466156 23.806465568525486),0,2017-10-10-07.38.17 +0600,2019-05-13-17.41.16 +0600
3199,,ARVM7821,"Bishorgo Tower, House 1/A, Avenue 3, Block C, Section 2",,bishorgo tower,"1/a",avenue 3,"1216",block c,section 2,Mirpur,Dhaka,Dhaka,,Mirpur ,,Residential,HOUSE,"1",,1,90.3556,23.8071,"POLYGON ((90.35555482212067 23.806993972762573, 90.35573482212067 23.806993972762573, 90.35573482212067 23.807173972762573, 90.35555482212067 23.807173972762573, 90.35555482212067 23.806993972762573))",POINT (90.35564482212067 23.807083972762573),0,2017-10-10-07.40.08 +0600,2018-04-12-17.43.34 +0600
3277,1,YARD6507,"Sijan Store, House 1/B, Road 1, Block B, Section 2",sijan store,"","1/b",road 1,"1216",block b,section 2,Mirpur,Dhaka,Dhaka,,Mirpur ,,Shop,GENERAL STORE,"1",,1,90.3559,23.8065,"POLYGON ((90.3557921976185 23.806450108478, 90.3559721976185 23.806450108478, 90.3559721976185 23.806630108478, 90.3557921976185 23.806630108478, 90.3557921976185 23.806450108478))",POINT (90.35589560866356 23.806502378383918),0,2017-10-29-00.36.30 +0600,2019-05-13-17.42.12 +0600
3278,1,DARK5422,"Apurba Hair Dresser, House 1/B, Road 1, Block B, Section 2",apurba hair dresser,"","1/b",road 1,"1216",block b,section 2,Mirpur,Dhaka,Dhaka,,Mirpur ,,Shop,SALOON,"1",,1,90.3559,23.8065,"POLYGON ((90.3557921976185 23.806450108478, 90.3559721976185 23.806450108478, 90.3559721976185 23.806630108478, 90.3557921976185 23.806630108478, 90.3557921976185 23.806450108478))",POINT (90.35586208105086 23.806531826263164),0,2017-10-29-00.37.14 +0600,2019-07-21-12.11.07 +0600
3279,1,CARD2354,"Galaxy Medicine Corner, House 1/B, Road 1, Block B, Section 2",galaxy medicine corner,"","1/b",road 1,"1216",block b,section 2,Mirpur,Dhaka,Dhaka,,Mirpur ,,Shop,PHARMACY,"1",,1,90.3559,23.8065,"POLYGON ((90.3557921976185 23.806450108478, 90.3559721976185 23.806450108478, 90.3559721976185 23.806630108478, 90.3557921976185 23.806630108478, 90.3557921976185 23.806450108478))",POINT (90.35588286817074 23.80651648882689),0,2017-10-29-00.38.03 +0600,2019-07-21-12.10.50 +0600
3280,1,ACTS9948,"Popi Bedding Store, House 1/B, Road 1, Block B, Section 2",popi bedding store,"","1/b",road 1,"1216",block b,section 2,Mirpur,Dhaka,Dhaka,,Mirpur ,,Shop,BEDDING STORE,"1",,1,90.3558,23.8066,"POLYGON ((90.3557921976185 23.806450108478, 90.3559721976185 23.806450108478, 90.3559721976185 23.806630108478, 90.3557921976185 23.806630108478, 90.3557921976185 23.806450108478))",POINT (90.35584062337875 23.80655636615743),0,2017-10-29-00.39.02 +0600,2019-07-21-12.10.35 +0600
3393,590,ALSO4739,"AK Ismat Amity, House 12, Road 3, Block B, Section 2",,ak ismat amity,"12",road 3,"1216",block b,section 2,Mirpur,Dhaka,Dhaka,,Mirpur ,,Residential,HOUSE,"1",,1,90.3566,23.8054,"POLYGON ((90.35658009651661 23.805291820267698, 90.35676009651661 23.805291820267698, 90.35676009651661 23.805471820267698, 90.35658009651661 23.805471820267698, 90.35658009651661 23.805291820267698))",POINT (90.35663187503815 23.805390716058678),0,2017-11-03-00.41.02 +0600,2019-05-13-17.02.04 +0600
3394,590,ARCH0367,"Farzana's Bliss, House 10, Road 3, Block B, Section 2",,farzana's bliss,"10",road 3,"1216",block b,section 2,Mirpur,Dhaka,Dhaka,,Mirpur ,,Residential,HOUSE,"1",,1,90.3565,23.8053,"POLYGON ((90.35645570907354 23.805160530592033, 90.35663570907354 23.805160530592033, 90.35663570907354 23.805340530592034, 90.35645570907354 23.805340530592034, 90.35645570907354 23.805160530592033))",POINT (90.3564789891243 23.80529746359881),0,2017-11-03-00.45.42 +0600,2019-05-13-17.02.04 +0600
3396,12,BAND2106,"House 5, Road 1, Block B, Section 2",,"","5",road 1,"1216",block b,section 2,Mirpur,Dhaka,Dhaka,,Mirpur ,,Residential,HOUSE,"1",,1,90.3556,23.8063,"POLYGON ((90.35553068223953 23.806147653919666, 90.35571068223953 23.806147653919666, 90.35571068223953 23.806327653919666, 90.35553068223953 23.806327653919666, 90.35553068223953 23.806147653919666))",POINT (90.35563945770264 23.806277838085133),0,2017-11-03-00.54.17 +0600,2019-05-13-17.41.36 +0600
3398,590,DARK5651,"Ritz Amir, House 3, Road 1, Block B, Section 2",,ritz amir,"3",road 1,"1216",block b,section 2,Mirpur,Dhaka,Dhaka,,Mirpur ,,Residential,HOUSE,"1",,1,90.3557,23.8063,"POLYGON ((90.3555876791811 23.80614612017265, 90.3557676791811 23.80614612017265, 90.3557676791811 23.80632612017265, 90.3555876791811 23.80632612017265, 90.3555876791811 23.80614612017265))",POINT (90.35569578409195 23.8063453229152),0,2017-11-03-02.45.46 +0600,2019-05-13-17.45.10 +0600
3399,1,ARCH0288,"Poly Pharma, House 1, Road 2, Block B, Section 2",poly pharma,"","1",road 2,"1216",block b,section 2,Mirpur,Dhaka,Dhaka,,,,Shop,PHARMACY,"1",,1,90.3545,23.8071,"POLYGON ((90.35441454801321 23.807055015481456, 90.35459454801321 23.807055015481456, 90.35459454801321 23.807235015481456, 90.35441454801321 23.807235015481456, 90.35441454801321 23.807055015481456))",POINT (90.35450454801321 23.807145015481456),0,2017-11-03-03.02.24 +0600,2018-04-12-17.43.34 +0600
3400,590,ZONE9200,"Shah Ali Workshop, House 2, 3/1 Hazi Road, Block B, Section 2",shah ali workshop,"","2","3/1 hazi road","1216",block b,section 2,Mirpur,Dhaka,Dhaka,,,,Commercial,MOTOR WORKSHOP,"1",,1,90.3544,23.8069,"POLYGON ((90.3544969826603 23.806930598970446, 90.35449525333553 23.806948157099427, 90.35449013181822 23.80696504047936, 90.3544818149254 23.806980600291418, 90.3544706222706 23.806994238580753, 90.35445698398127 23.807005431235552, 90.35444142416921 23.807013748128373, 90.35442454078928 23.80701886964568, 90.3544069826603 23.807020598970446, 90.3543894245313 23.80701886964568, 90.35437254115138 23.807013748128373, 90.35435698133932 23.807005431235552, 90.35434334304999 23.806994238580753, 90.35433215039518 23.806980600291418, 90.35432383350236 23.80696504047936, 90.35431871198506 23.806948157099427, 90.3543169826603 23.806930598970446, 90.35431871198506 23.806913040841465, 90.35432383350236 23.806896157461534, 90.35433215039518 23.806880597649474, 90.35434334304999 23.80686695936014, 90.35435698133932 23.80685576670534, 90.35437254115138 23.80684744981252, 90.3543894245313 23.80684232829521, 90.3544069826603 23.806840598970446, 90.35442454078928 23.80684232829521, 90.35444142416921 23.80684744981252, 90.35445698398127 23.80685576670534, 90.3544706222706 23.80686695936014, 90.3544818149254 23.806880597649474, 90.35449013181822 23.806896157461534, 90.35449525333553 23.806913040841465, 90.3544969826603 23.806930598970446))",POINT (90.3544069826603 23.806930598970446),0,2017-11-03-03.08.19 +0600,2019-07-21-12.11.51 +0600
3404,1,ALSO0942,"Jononi Nibash, House 2, 3/1 Hazi Road, Block B, Section 2",,jononi nibash,"2","3/1 hazi road","1216",block b,section 2,Mirpur,Dhaka,Dhaka,,,,Residential,HOUSE,"1",,1,90.3544,23.8069,"POLYGON ((90.3544822305107 23.80691955605042, 90.35448050118593 23.8069371141794, 90.35447537966863 23.806953997559333, 90.35446706277581 23.806969557371392, 90.354455870121 23.806983195660727, 90.35444223183167 23.806994388315527, 90.35442667201961 23.807002705208347, 90.35440978863969 23.807007826725656, 90.3543922305107 23.80700955605042, 90.35437467238171 23.807007826725656, 90.35435778900178 23.807002705208347, 90.35434222918973 23.806994388315527, 90.3543285909004 23.806983195660727, 90.35431739824558 23.806969557371392, 90.35430908135277 23.806953997559333, 90.35430395983546 23.8069371141794, 90.3543022305107 23.80691955605042, 90.35430395983546 23.80690199792144, 90.35430908135277 23.806885114541508, 90.35431739824558 23.80686955472945, 90.3543285909004 23.806855916440114, 90.35434222918973 23.806844723785314, 90.35435778900178 23.806836406892494, 90.35437467238171 23.806831285375186, 90.3543922305107 23.80682955605042, 90.35440978863969 23.806831285375186, 90.35442667201961 23.806836406892494, 90.35444223183167 23.806844723785314, 90.354455870121 23.806855916440114, 90.35446706277581 23.80686955472945, 90.35447537966863 23.806885114541508, 90.35448050118593 23.80690199792144, 90.3544822305107 23.80691955605042))",POINT (90.3543922305107 23.80691955605042),0,2017-11-03-03.10.52 +0600,2019-07-21-12.12.09 +0600
3415,1,AURA5320,"Mosleh Uddin, House 1, DUIP, Block B, Section 2",,mosleh uddin,"1",,"1216",block b,section 2,Mirpur,Dhaka,Dhaka,,Mirpur ,,Residential,HOUSE,"1",,1,90.3545,23.8068,"POLYGON ((90.35445176366329 23.806700415165995, 90.35463176366329 23.806700415165995, 90.35463176366329 23.806880415165995, 90.35445176366329 23.806880415165995, 90.35445176366329 23.806700415165995))",POINT (90.35454176366329 23.806790415165995),0,2017-11-03-03.18.50 +0600,2018-04-12-17.43.34 +0600
3421,590,ABID2852,"Babu Shop, House 11, Road 11, Block A, Section 2",babu shop,"","11",road 11,"1216",block a,section 2,Mirpur,Dhaka,Dhaka,,Mirpur ,,Shop,SHOP,"1",,1,90.3556,23.8053,"POLYGON ((90.35546832087994 23.805258384358225, 90.35564832087994 23.805258384358225, 90.35564832087994 23.805438384358226, 90.35546832087994 23.805438384358226, 90.35546832087994 23.805258384358225))",POINT (90.35555832087994 23.805348384358226),0,2017-11-03-03.38.31 +0600,2019-07-21-11.49.24 +0600
3423,590,ABID1269,"Mayer Doa Shop, House 1, DUIP Road 12, Block A, Section 2",mayer doa shop,"","1",,"1216",block a,section 2,Mirpur,Dhaka,Dhaka,,Mirpur ,,Shop,SHOP,"1",,1,90.3557,23.8054,"POLYGON ((90.35557996783018 23.805268200405933, 90.35575996783018 23.805268200405933, 90.35575996783018 23.805448200405934, 90.35557996783018 23.805448200405934, 90.35557996783018 23.805268200405933))",POINT (90.35566996783018 23.805358200405934),0,2017-11-03-03.43.52 +0600,2019-07-21-11.49.50 +0600
3424,590,BING6142,"Madina Pharmacy, House 20, DUIP/A Road 12, Block A, Section 2",madina pharmacy,"","20",,"1216",block a,section 2,Mirpur,Dhaka,Dhaka,,Mirpur ,,Shop,PHARMACY,"1",,1,90.3557,23.8052,"POLYGON ((90.35556655678509 23.805156849571183, 90.35574655678509 23.805156849571183, 90.35574655678509 23.805336849571184, 90.35556655678509 23.805336849571184, 90.35556655678509 23.805156849571183))",POINT (90.35565655678509 23.805246849571184),0,2017-11-03-03.46.52 +0600,2018-04-12-17.43.34 +0600
3425,590,YARD2877,"Mayer Doa Furniture, House 7, DUIP Road, Block B, Section 2",mayer doa furniture,"","7",duip road,"1216",block b,section 2,Mirpur,Dhaka,Dhaka,,Mirpur ,,Shop,FURNITURE,"1",,1,90.3558,23.805,"POLYGON ((90.35570837858677 23.804959914803245, 90.35588837858677 23.804959914803245, 90.35588837858677 23.805139914803245, 90.35570837858677 23.805139914803245, 90.35570837858677 23.804959914803245))",POINT (90.35579837858677 23.805049914803245),0,2017-11-03-03.50.53 +0600,2018-04-12-17.43.34 +0600
3434,551,AUTH1073,"House 19, Block G, Section 2",,"","19",,"1216",block g,section 2,Mirpur,Dhaka,Dhaka,,Mirpur ,,Residential,HOUSE,"1",,1,90.3611,23.8055,"POLYGON ((90.36092996898651 23.805315133373806, 90.36110996898651 23.805315133373806, 90.36110996898651 23.805495133373807, 90.36092996898651 23.805495133373807, 90.36092996898651 23.805315133373806))",POINT (90.36109238862991 23.805514643566198),0,2017-11-03-20.43.31 +0600,2019-05-15-10.29.12 +0600
3437,551,DARK0549,"House 20, Road 5, Block G, Section 2",,"","20",road 5,"1216",block g,section 2,Mirpur,Dhaka,Dhaka,,Mirpur ,,Residential,HOUSE,"1",,1,90.3611,23.8056,"POLYGON ((90.36092929843426 23.80548599377369, 90.36110929843426 23.80548599377369, 90.36110929843426 23.80566599377369, 90.36092929843426 23.80566599377369, 90.36092929843426 23.80548599377369))",POINT (90.36105886101721 23.805552680698256),0,2017-11-03-20.47.36 +0600,2019-05-15-10.29.12 +0600
3442,551,ADDA4939,"House 17, Road 5, Block G, Section 2",,"","17",road 5,"1216",block g,section 2,Mirpur,Dhaka,Dhaka,,Mirpur ,,Residential,HOUSE,"1",,1,90.361,23.8054,"POLYGON ((90.36098528954744 23.80538936718377, 90.36116528954744 23.80538936718377, 90.36116528954744 23.80556936718377, 90.36098528954744 23.80556936718377, 90.36098528954744 23.80538936718377))",POINT (90.36101393401623 23.80544899881209),0,2017-11-03-20.52.26 +0600,2019-05-15-10.29.12 +0600
3444,551,ADDA4329,"House 16,Road 5, Block G, Section 2",,"","16",road 5,"1216",block g,section 2,Mirpur,Dhaka,Dhaka,,Mirpur ,,Residential,HOUSE,"1",,1,90.3609,23.8054,"POLYGON ((90.36086324903727 23.805421269303956, 90.36104324903727 23.805421269303956, 90.36104324903727 23.805601269303956, 90.36086324903727 23.805601269303956, 90.36086324903727 23.805421269303956))",POINT (90.36090061068535 23.805434888253142),0,2017-11-03-20.53.37 +0600,2019-05-15-10.29.12 +0600
3445,551,EAST8478,"House 15, Road 5, Block G, Section 2",,"","15",road 5,"1216",block g,section 2,Mirpur,Dhaka,Dhaka,,Mirpur ,,Residential,HOUSE,"1",,1,90.3609,23.8054,"POLYGON ((90.36091052297115 23.805286605493396, 90.36109052297115 23.805286605493396, 90.36109052297115 23.805466605493397, 90.36091052297115 23.805466605493397, 90.36091052297115 23.805286605493396))",POINT (90.36093950271605 23.80539807809214),0,2017-11-03-20.55.30 +0600,2019-05-15-10.29.12 +0600
3446,551,BING1758,"House 13, Road 5, Block G, Section 2",,"","13",road 5,"1216",block g,section 2,Mirpur,Dhaka,Dhaka,,Mirpur ,,Residential,HOUSE,"1",,1,90.3609,23.8053,"POLYGON ((90.3608236864543 23.805368814852205, 90.3610036864543 23.805368814852205, 90.3610036864543 23.805548814852205, 90.3608236864543 23.805548814852205, 90.3608236864543 23.805368814852205))",POINT (90.36086440086365 23.805346543849193),0,2017-11-03-20.56.26 +0600,2019-05-15-10.29.12 +0600
3447,551,AIMS2010,"House 14, Road 5, Block G, Section 2",,"","14",road 5,"1216",block g,section 2,Mirpur,Dhaka,Dhaka,,Mirpur ,,Residential,HOUSE,"1",,1,90.3608,23.8054,"POLYGON ((90.36081698093176 23.805223107930633, 90.36099698093176 23.805223107930633, 90.36099698093176 23.805403107930633, 90.36081698093176 23.805403107930633, 90.36081698093176 23.805223107930633))",POINT (90.36083489656448 23.80538948905306),0,2017-11-03-20.57.10 +0600,2019-05-15-10.29.12 +0600
3448,551,AURA6908,"House 11, Road 5, Block G, Section 2",,"","11",road 5,"1216",block g,section 2,Mirpur,Dhaka,Dhaka,,Mirpur ,,Residential,HOUSE,"1",,1,90.3608,23.8053,"POLYGON ((90.36075830760956 23.805205009585812, 90.36093830760956 23.805205009585812, 90.36093830760956 23.805385009585812, 90.36075830760956 23.805385009585812, 90.36075830760956 23.805205009585812))",POINT (90.36080807447433 23.80530727965037),0,2017-11-03-20.57.42 +0600,2019-05-15-10.29.12 +0600
3449,551,ACME7983,"House 12, Road 5, Block G, Section 2",,"","12",road 5,"1216",block g,section 2,Mirpur,Dhaka,Dhaka,,Mirpur ,,Residential,HOUSE,"1",,1,90.3608,23.8054,"POLYGON ((90.36074087325096 23.80522341468222, 90.36092087325096 23.80522341468222, 90.36092087325096 23.80540341468222, 90.36074087325096 23.80540341468222, 90.36074087325096 23.80522341468222))",POINT (90.36077857017516 23.805351451873207),0,2017-11-03-20.58.38 +0600,2019-05-15-10.29.12 +0600
3458,551,AIMS4503,"House 1, Road 5, Block G, Section 2",,"","1",road 5,"1216",block g,section 2,Mirpur,Dhaka,Dhaka,,Mirpur ,,Residential,HOUSE,"1",,1,90.3605,23.8051,"POLYGON ((90.36054402288437 23.805102369420144, 90.3605422935596 23.805119927549125, 90.3605371720423 23.805136810929056, 90.36052885514948 23.805152370741116, 90.36051766249467 23.80516600903045, 90.36050402420534 23.80517720168525, 90.36048846439328 23.80518551857807, 90.36047158101336 23.80519064009538, 90.36045402288437 23.805192369420144, 90.36043646475538 23.80519064009538, 90.36041958137545 23.80518551857807, 90.3604040215634 23.80517720168525, 90.36039038327407 23.80516600903045, 90.36037919061926 23.805152370741116, 90.36037087372644 23.805136810929056, 90.36036575220913 23.805119927549125, 90.36036402288437 23.805102369420144, 90.36036575220913 23.805084811291163, 90.36037087372644 23.80506792791123, 90.36037919061926 23.805052368099172, 90.36039038327407 23.805038729809837, 90.3604040215634 23.805027537155038, 90.36041958137545 23.805019220262217, 90.36043646475538 23.80501409874491, 90.36045402288437 23.805012369420144, 90.36047158101336 23.80501409874491, 90.36048846439328 23.805019220262217, 90.36050402420534 23.805027537155038, 90.36051766249467 23.805038729809837, 90.36052885514948 23.805052368099172, 90.3605371720423 23.80506792791123, 90.3605422935596 23.805084811291163, 90.36054402288437 23.805102369420144))",POINT (90.36045402288437 23.805102369420144),0,2017-11-03-21.05.06 +0600,2019-07-04-07.59.06 +0600
3460,551,UNIT1258,"Hasu Telecom,  House 2, Road 5, Block G, Section 2",hasu telecom,"","2",road 5,"1216",block g,section 2,Mirpur,Dhaka,Dhaka,,Mirpur ,,Shop,"Tcash, Rocket, Mobile Recharge, Bkash","1",,1,90.3604,23.8051,"POLYGON ((90.36030453639637 23.80504815806561, 90.36048453639637 23.80504815806561, 90.36048453639637 23.80522815806561, 90.36030453639637 23.80522815806561, 90.36030453639637 23.80504815806561))",POINT (90.36039453639637 23.80513815806561),0,2017-11-03-21.07.24 +0600,2019-05-15-10.29.12 +0600
3466,551,AIMS1960,"House 1, Road 5, Block G, Section 2",,"","1",road 5,"1216",block g,section 2,Mirpur,Dhaka,Dhaka,,Mirpur ,,Food,CAFE,"1",,1,90.3605,23.805,"POLYGON ((90.36042303148268 23.804945497448696, 90.36060303148268 23.804945497448696, 90.36060303148268 23.805125497448696, 90.36042303148268 23.805125497448696, 90.36042303148268 23.804945497448696))",POINT (90.3605130314827 23.80498703058548),0,2017-11-03-21.12.33 +0600,2019-05-15-10.29.12 +0600
3467,551,DARK9198,"House 1, Road 5, Block G, Section 2",,"","1",road 5,"1216",block g,section 2,Mirpur,Dhaka,Dhaka,,Mirpur ,,Shop,SHOP,"1",,1,90.3605,23.805,"POLYGON ((90.36042303148268 23.804945497448696, 90.36060303148268 23.804945497448696, 90.36060303148268 23.805125497448696, 90.36042303148268 23.805125497448696, 90.36042303148268 23.804945497448696))",POINT (90.36053197030964 23.805041403726015),0,2017-11-03-21.12.54 +0600,2019-05-15-10.29.12 +0600
3470,551,AURA1026,"House 1, Road 2, Block G, Section 2",,"","1",road 2,"1216",block g,section 2,Mirpur,Dhaka,Dhaka,,Mirpur ,,Residential,HOUSE,"1",,1,90.3601,23.8054,"POLYGON ((90.36019533571243 23.805447158304496, 90.36019360638767 23.805464716433477, 90.36018848487036 23.805481599813408, 90.36018016797755 23.805497159625467, 90.36016897532274 23.805510797914803, 90.3601553370334 23.805521990569602, 90.36013977722135 23.805530307462423, 90.36012289384142 23.80553542897973, 90.36010533571243 23.805537158304496, 90.36008777758344 23.80553542897973, 90.36007089420352 23.805530307462423, 90.36005533439146 23.805521990569602, 90.36004169610213 23.805510797914803, 90.36003050344732 23.805497159625467, 90.3600221865545 23.805481599813408, 90.3600170650372 23.805464716433477, 90.36001533571243 23.805447158304496, 90.3600170650372 23.805429600175515, 90.3600221865545 23.805412716795583, 90.36003050344732 23.805397156983524, 90.36004169610213 23.80538351869419, 90.36005533439146 23.80537232603939, 90.36007089420352 23.80536400914657, 90.36008777758344 23.80535888762926, 90.36010533571243 23.805357158304496, 90.36012289384142 23.80535888762926, 90.36013977722135 23.80536400914657, 90.3601553370334 23.80537232603939, 90.36016897532274 23.80538351869419, 90.36018016797755 23.805397156983524, 90.36018848487036 23.805412716795583, 90.36019360638767 23.805429600175515, 90.36019533571243 23.805447158304496))",POINT (90.36010533571243 23.805447158304496),0,2017-11-03-21.17.25 +0600,2019-08-02-16.39.04 +0600
3471,551,ALSO4093,"House 2, Road 4, Block G, Section 2",,"","2",road 4,"1216",block g,section 2,Mirpur,Dhaka,Dhaka,,Mirpur ,,Residential,HOUSE,"1",,1,90.3602,23.8054,"POLYGON ((90.36007467958689 23.805269427411847, 90.36025467958689 23.805269427411847, 90.36025467958689 23.805449427411848, 90.36007467958689 23.805449427411848, 90.36007467958689 23.805269427411847))",POINT (90.36018202917562 23.805376686438443),0,2017-11-03-21.17.43 +0600,2018-04-12-17.43.34 +0600
3473,551,XOXO2608,"House 5, Road 4, Block G, Section 2",,"","5",road 4,"1216",block g,section 2,Mirpur,Dhaka,Dhaka,,Mirpur ,,Residential,HOUSE,"1",,1,90.3604,23.8055,"POLYGON ((90.36022790077686 23.80533568571387, 90.36040790077686 23.80533568571387, 90.36040790077686 23.80551568571387, 90.36022790077686 23.80551568571387, 90.36022790077686 23.80533568571387))",POINT (90.36041244864464 23.8054778334278),0,2017-11-03-21.18.47 +0600,2019-03-21-16.42.50 +0600
3474,551,ADDA0461,"House 7, Road 4, Block G, Section 2",,"","7",road 4,"1216",block g,section 2,Mirpur,Dhaka,Dhaka,,Mirpur ,,Residential,HOUSE,"1",,1,90.3605,23.8055,"POLYGON ((90.3602993145919 23.80540439799137, 90.3604793145919 23.80540439799137, 90.3604793145919 23.80558439799137, 90.3602993145919 23.80558439799137, 90.3602993145919 23.80540439799137))",POINT (90.36047145724297 23.80551709757506),0,2017-11-03-21.20.00 +0600,2019-03-21-16.42.13 +0600
3475,551,YARD5042,"House 9, Road 4, Block G, Section 2",,"","9",road 4,"1216",block g,section 2,Mirpur,Dhaka,Dhaka,,Mirpur ,,Residential,HOUSE,"1",,1,90.3605,23.8055,"POLYGON ((90.36036167595148 23.80544151487615, 90.36054167595148 23.80544151487615, 90.36054167595148 23.80562151487615, 90.36036167595148 23.80562151487615, 90.36036167595148 23.80544151487615))",POINT (90.36051973700523 23.80554777268185),0,2017-11-03-21.20.25 +0600,2019-03-21-16.42.19 +0600
3476,551,ABLE2254,"House 9, Road 4, Block G, Section 2",,"","9",road 4,"1216",block g,section 2,Mirpur,Dhaka,Dhaka,,Mirpur ,,Office,OFFICE,"1",,1,90.3605,23.8055,"POLYGON ((90.36036167595148 23.80544151487615, 90.36054167595148 23.80544151487615, 90.36054167595148 23.80562151487615, 90.36036167595148 23.80562151487615, 90.36036167595148 23.80544151487615))",POINT (90.36046614637146 23.80554425677432),0,2017-11-03-21.21.01 +0600,2018-04-12-17.43.34 +0600
3477,551,ASAP2121,"House 11, Road 4, Block G, Section 2",,"","11",road 4,"1216",block g,section 2,Mirpur,Dhaka,Dhaka,,Mirpur ,,Residential,HOUSE,"1",,1,90.3606,23.8056,"POLYGON ((90.36042001399755 23.80549028828713, 90.36060001399755 23.80549028828713, 90.36060001399755 23.805670288287132, 90.36042001399755 23.805670288287132, 90.36042001399755 23.80549028828713))",POINT (90.3606042265892 23.805589490815446),0,2017-11-03-21.21.43 +0600,2019-03-21-16.43.04 +0600
3480,551,YARD3923,"House 13, Road 4, Block G, Section 2",,"","13",road 4,"1216",block g,section 2,Mirpur,Dhaka,Dhaka,,Mirpur ,,Residential,HOUSE,"1",,1,90.3607,23.8056,"POLYGON ((90.36053367260456 23.805544583194784, 90.36071367260456 23.805544583194784, 90.36071367260456 23.805724583194785, 90.36053367260456 23.805724583194785, 90.36053367260456 23.805544583194784))",POINT (90.36065384745598 23.805626300922203),0,2017-11-03-21.22.45 +0600,2019-03-21-16.43.09 +0600
3481,551,ABID2935,"House 15, Road 4, Block G, Section 2",,"","15",road 4,"1216",block g,section 2,Mirpur,Dhaka,Dhaka,,Mirpur ,,Residential,HOUSE,"1",,1,90.3607,23.8057,"POLYGON ((90.3607200861311 23.805680166989372, 90.3609000861311 23.805680166989372, 90.3609000861311 23.805860166989373, 90.3607200861311 23.805860166989373, 90.3607200861311 23.805680166989372))",POINT (90.36074101924896 23.805675381048317),0,2017-11-03-21.23.23 +0600,2019-03-21-16.43.24 +0600
3482,551,ASAP2442,"House 17, Road 4, Block G, Section 2",,"","17",road 4,"1216",block g,section 2,Mirpur,Dhaka,Dhaka,,Mirpur ,,Residential,HOUSE,"1",,1,90.3608,23.8057,"POLYGON ((90.36077373031138 23.80569335726047, 90.36095373031138 23.80569335726047, 90.36095373031138 23.80587335726047, 90.36077373031138 23.80587335726047, 90.36077373031138 23.80569335726047))",POINT (90.36081075668335 23.805717099140924),0,2017-11-03-21.24.21 +0600,2019-03-21-16.43.39 +0600
3484,551,AURA2342,"House 19, Road 4, Block G, Section 2",,"","19",road 4,"1216",block g,section 2,Mirpur,Dhaka,Dhaka,,Mirpur ,,Food,FAST FOOD,"1",,1,90.3609,23.8058,"POLYGON ((90.36079418215515 23.805711455537242, 90.36097418215515 23.805711455537242, 90.36097418215515 23.805891455537243, 90.36079418215515 23.805891455537243, 90.36079418215515 23.805711455537242))",POINT (90.36089416955546 23.805796550583228),0,2017-11-03-21.26.03 +0600,2018-04-12-17.43.34 +0600
3486,551,ARCH6952,"Bazar, Road 4, Block G, Section 2",bazar,"",,road 4,"1216",block g,section 2,Mirpur,Dhaka,Dhaka,,Mirpur ,,Shop,GROCERY,"1","0",1,90.3606,23.8061,"POLYGON ((90.36054607782125 23.805971272893643, 90.36072607782125 23.805971272893643, 90.36072607782125 23.806151272893644, 90.36054607782125 23.806151272893644, 90.36054607782125 23.805971272893643))",POINT (90.36063607782125 23.806061272893643),0,2017-11-03-21.39.10 +0600,2018-04-12-17.43.34 +0600
3490,551,YARD2547,"Quick Recharge,Sub main Road, Block G, Section 2",quick recharge,"",,sub main road,"1216",block g,section 2,Mirpur,Dhaka,Dhaka,,Mirpur ,,Shop,SHOP,"1","0",1,90.36,23.8074,"POLYGON ((90.35993587527035 23.807337836146225, 90.36011587527035 23.807337836146225, 90.36011587527035 23.807517836146225, 90.35993587527035 23.807517836146225, 90.35993587527035 23.807337836146225))",POINT (90.3600083386759 23.80741468557434),0,2017-11-03-21.43.59 +0600,2018-04-12-17.43.34 +0600
3491,551,WEST7849,"Sub main Road, Block G, Section 2",,"",,sub main road,"1216",block g,section 2,Mirpur,Dhaka,Dhaka,,Mirpur ,,Food,TEA STALL,"1","0",1,90.36,23.8074,"POLYGON ((90.35993587527035 23.807337836146225, 90.36011587527035 23.807337836146225, 90.36011587527035 23.807517836146225, 90.35993587527035 23.807517836146225, 90.35993587527035 23.807337836146225))",POINT (90.36002538124103 23.80742098254141),0,2017-11-03-21.44.27 +0600,2018-04-12-17.43.34 +0600
3492,551,ABID8438,"Sub main Road, Block G, Section 2",,"",,sub main road,"1216",block g,section 2,Mirpur,Dhaka,Dhaka,,Mirpur ,,Commercial,MOTOR WORKSHOP,"1","0",1,90.36,23.8075,"POLYGON ((90.35991307649374 23.80737986042238, 90.36009307649374 23.80737986042238, 90.36009307649374 23.80755986042238, 90.35991307649374 23.80755986042238, 90.35991307649374 23.80737986042238))",POINT (90.36000307649374 23.80746986042238),0,2017-11-03-21.45.24 +0600,2018-04-12-17.43.34 +0600
3494,551,ARCH7928,"House 20, Road 3, Block G, Section 2",,"","20",road 3,"1216",block g,section 2,Mirpur,Dhaka,Dhaka,,Mirpur ,,Residential,HOUSE,"1",,1,90.3599,23.8076,"POLYGON ((90.35985507372379 23.807559920488135, 90.3600350737238 23.807559920488135, 90.3600350737238 23.807739920488135, 90.35985507372379 23.807739920488135, 90.35985507372379 23.807559920488135))",POINT (90.35993176787623 23.807649719116174),0,2017-11-03-21.46.46 +0600,2018-04-12-17.43.34 +0600